question,answer
What is the course fee?,The course fee is 799 rupees per month.
How long is the course?,The course duration is 7 months.
What is the course syllabus?,The syllabus includes Python SQL data analysis and machine learning.
Is deep learning included?,No deep learning is not included in the program.
Is NLP included?,No NLP is not included in the program.
What programming language is used?,Python is the main programming language.
Is SQL included?,Yes SQL is included in the program.
Is machine learning included?,Yes machine learning is included in the program.
Is the course practical?,Yes the course includes practical learning and projects.
How can I enroll?,You can enroll through the official registration process.